insert into public.player (username, email, password, registration_date)
values ('Pippo_baudo', 'stocazzo@gmail.com', md5('Lupus123!'), '2024-05-30'),
       ('aiorT', 'aaa@aaa.ccc', md5('Lupus123!'), '2024-05-30'),
       ('Matteo', 'zugujapo@gmail.com', md5('Lupus123!'), '2024-05-30'),
       ('Hare_Segz', 'orgia_omosex@gmail.sex', md5('Lupus123!'), '2024-05-30'),
       ('Rickm', 'rickm@game.com', md5('Lupus123!'), '2024-05-30'),
       ('Bubis', 'margherita.gnocato@outlook.com', md5('Lupus123!'), '2024-05-30'),
       ('Japo', 'sono.proprio.un@clown.popipopi', md5('1m4C!0wN'), '2024-05-30'),
       ('Polterino', 'pisello@duro.com', md5('piselloGrande0.'), '2024-05-30'),
       ('Sofi', 'sesso.duro@gmail.com', md5('Lupus123!'), '2024-05-30');

insert into public.is_friend_with (player_username, friend_username, date)
values ('Hare_Segz', 'Bubis', '2024-05-30'),
       ('Hare_Segz', 'Rickm', '2024-05-30'),
       ('Japo', 'Matteo', '2024-05-30'),
       ('Hare_Segz', 'Japo', '2024-05-30'),
       ('Hare_Segz', 'Matteo', '2024-05-30'),
       ('Rickm', 'Hare_Segz', '2024-05-30'),
       ('Rickm', 'Matteo', '2024-05-30'),
       ('Bubis', 'Hare_Segz', '2024-05-30'),
       ('Japo', 'aiorT', '2024-05-30'),
       ('Rickm', 'aiorT', '2024-05-30'),
       ('Hare_Segz', 'Polterino', '2024-05-30'),
       ('Japo', 'Pippo_baudo', '2024-05-30'),
       ('Bubis', 'Polterino', '2024-05-30'),
       ('Rickm', 'Polterino', '2024-05-30'),
       ('Polterino', 'Hare_Segz', '2024-05-30'),
       ('Japo', 'Polterino', '2024-05-30'),
       ('Rickm', 'Pippo_baudo', '2024-05-30'),
       ('Bubis', 'Japo', '2024-05-30'),
       ('Hare_Segz', 'Pippo_baudo', '2024-05-30'),
       ('Bubis', 'Pippo_baudo', '2024-05-30'),
       ('Hare_Segz', 'aiorT', '2024-05-30'),
       ('Polterino', 'aiorT', '2024-05-30'),
       ('Polterino', 'Matteo', '2024-05-30'),
       ('Japo', 'Hare_Segz', '2024-05-30'),
       ('Japo', 'Rickm', '2024-05-30'),
       ('Japo', 'Bubis', '2024-05-30'),
       ('Rickm', 'Japo', '2024-05-30'),
       ('Rickm', 'Bubis', '2024-05-30'),
       ('Bubis', 'Matteo', '2024-05-30'),
       ('aiorT', 'Matteo', '2024-05-30'),
       ('aiorT', 'Pippo_baudo', '2024-05-30'),
       ('aiorT', 'Polterino', '2024-05-30'),
       ('Matteo', 'Japo', '2024-05-30'),
       ('aiorT', 'Hare_Segz', '2024-05-30'),
       ('aiorT', 'Rickm', '2024-05-30'),
       ('aiorT', 'Bubis', '2024-05-30'),
       ('aiorT', 'Japo', '2024-05-30'),
       ('Bubis', 'aiorT', '2024-05-30'),
       ('Matteo', 'aiorT', '2024-05-30'),
       ('Matteo', 'Pippo_baudo', '2024-05-30'),
       ('Matteo', 'Polterino', '2024-05-30'),
       ('Matteo', 'Hare_Segz', '2024-05-30'),
       ('Matteo', 'Rickm', '2024-05-30'),
       ('Bubis', 'Rickm', '2024-05-30'),
       ('Matteo', 'Bubis', '2024-05-30'),
       ('Polterino', 'Bubis', '2024-05-30'),
       ('Polterino', 'Sofi', '2024-05-30'),
       ('Polterino', 'Rickm', '2024-05-30'),
       ('Polterino', 'Pippo_baudo', '2024-05-30'),
       ('Polterino', 'Japo', '2024-05-30');

insert into public.game (public_id, start, game_duration, who_wins, rounds, phase, subphase)
values ('farmer-kamikaze-medium', '2024-05-30 22:33:35', '00:25:17', 2, 2, 1, 0),
       ('carpenter-seer-hobbit', '2024-05-30 23:16:53', '00:16:10', 1, 1, 1, 0),
       ('plaguespreader-berserker-puppy', '2024-05-30 23:39:28', '00:29:24', 0, 2, 1, 0),
       ('plaguespreader-hobbit-kamikaze', '2024-05-31 00:19:24', '00:14:08', 3, 1, 1, 0);

insert into public.plays_as_in (player_username, game_id, role, order_in_game, round_of_death, phase_of_death,
                                duration_of_life)
values ('Japo', 1, 'master', 0, null, null, null),
       ('Rickm', 1, 'plague spreader', 5, null, null, null),
       ('Polterino', 1, 'knight', 6, null, null, null),
       ('Bubis', 1, 'hamster', 7, null, null, null),
       ('Hare_Segz', 1, 'farmer', 8, null, null, null),
       ('Pippo_baudo', 1, 'seer', 3, 1, 0, '00:05:09'),
       ('Sofi', 1, 'wolf', 1, 1, 1, '00:22:43'),
       ('aiorT', 1, 'explorer', 4, 2, 0, '00:25:17'),
       ('Matteo', 1, 'sheriff', 2, 2, 0, '00:25:17'),
       ('Rickm', 2, 'master', 0, null, null, null),
       ('Matteo', 2, 'wolf', 1, null, null, null),
       ('Pippo_baudo', 2, 'wolf', 2, null, null, null),
       ('Japo', 2, 'sam', 3, null, null, null),
       ('aiorT', 2, 'illusionist', 4, null, null, null),
       ('Bubis', 2, 'jester', 6, null, null, null),
       ('Sofi', 2, 'carpenter', 8, null, null, null),
       ('Polterino', 2, 'knight', 5, 1, 0, '00:02:55'),
       ('Hare_Segz', 2, 'seer', 7, 1, 1, '00:16:10'),
       ('Rickm', 3, 'master', 0, null, null, null),
       ('Pippo_baudo', 3, 'carpenter', 2, null, null, null),
       ('Japo', 3, 'knight', 3, null, null, null),
       ('Bubis', 3, 'sheriff', 6, null, null, null),
       ('aiorT', 3, 'hobbit', 4, 1, 1, '00:15:44'),
       ('Hare_Segz', 3, 'wolf', 7, 2, 0, '00:17:33'),
       ('Matteo', 3, 'sam', 1, 2, 0, '00:17:33'),
       ('Polterino', 3, 'plague spreader', 5, 2, 1, '00:29:24'),
       ('Sofi', 3, 'wolf', 8, 2, 1, '00:29:24'),
       ('Polterino', 4, 'master', 0, null, null, null),
       ('Pippo_baudo', 4, 'sheriff', 2, null, null, null),
       ('aiorT', 4, 'wolf', 4, null, null, null),
       ('Rickm', 4, 'hobbit', 5, null, null, null),
       ('Bubis', 4, 'farmer', 6, null, null, null),
       ('Hare_Segz', 4, 'sam', 7, null, null, null),
       ('Sofi', 4, 'farmer', 8, null, null, null),
       ('Matteo', 4, 'dorky', 1, 1, 0, '00:02:47'),
       ('Japo', 4, 'jester', 3, 1, 1, '00:14:08');

insert into public.action (game_id, player_username, round, phase, subphase, type_of_action, target)
values (1, 'Sofi', 1, 0, 0, 'maul', 'Pippo_baudo'),
       (1, 'Rickm', 1, 0, 0, 'plague', 'Pippo_baudo'),
       (1, 'Polterino', 1, 0, 0, 'protect', 'Polterino'),
       (1, 'Pippo_baudo', 1, 0, 0, 'investigate', 'Matteo'),
       (1, 'Bubis', 1, 1, 0, 'vote', 'Sofi'),
       (1, 'Hare_Segz', 1, 1, 0, 'vote', 'Bubis'),
       (1, 'Matteo', 1, 1, 0, 'vote', 'Sofi'),
       (1, 'Pippo_baudo', 1, 1, 0, 'vote', 'Matteo'),
       (1, 'Polterino', 1, 1, 0, 'vote', 'Sofi'),
       (1, 'Rickm', 1, 1, 0, 'vote', 'Sofi'),
       (1, 'Sofi', 1, 1, 0, 'vote', 'Matteo'),
       (1, 'aiorT', 1, 1, 0, 'vote', 'Matteo'),
       (1, 'Bubis', 1, 1, 1, 'vote', 'Sofi'),
       (1, 'Hare_Segz', 1, 1, 1, 'vote', 'Sofi'),
       (1, 'Polterino', 1, 1, 1, 'vote', 'Sofi'),
       (1, 'Rickm', 1, 1, 1, 'vote', 'Sofi'),
       (1, 'aiorT', 1, 1, 1, 'vote', 'Sofi'),
       (1, 'Matteo', 2, 0, 0, 'shot', 'aiorT'),
       (1, 'Polterino', 2, 0, 0, 'protect', 'Bubis'),
       (1, 'Rickm', 2, 0, 0, 'plague', 'Hare_Segz'),
       (1, 'aiorT', 2, 0, 0, 'explore', 'Matteo'),
       (2, 'aiorT', 1, 0, 0, 'block', 'Japo'),
       (2, 'Hare_Segz', 1, 0, 0, 'investigate', 'aiorT'),
       (2, 'Polterino', 1, 0, 0, 'protect', 'Sofi'),
       (2, 'Matteo', 1, 0, 0, 'maul', 'Polterino'),
       (2, 'Bubis', 1, 1, 0, 'vote', 'Japo'),
       (2, 'Hare_Segz', 1, 1, 0, 'vote', 'Sofi'),
       (2, 'Matteo', 1, 1, 0, 'vote', 'Hare_Segz'),
       (2, 'Pippo_baudo', 1, 1, 0, 'vote', 'Hare_Segz'),
       (2, 'Polterino', 1, 1, 0, 'vote', 'Japo'),
       (2, 'Japo', 1, 1, 0, 'vote', 'Pippo_baudo'),
       (2, 'Sofi', 1, 1, 0, 'vote', 'Matteo'),
       (2, 'aiorT', 1, 1, 0, 'vote', 'Pippo_baudo'),
       (2, 'Bubis', 1, 1, 1, 'vote', 'Hare_Segz'),
       (2, 'Matteo', 1, 1, 1, 'vote', 'Hare_Segz'),
       (2, 'Sofi', 1, 1, 1, 'vote', 'Hare_Segz'),
       (2, 'aiorT', 1, 1, 1, 'vote', 'Japo'),
       (3, 'Polterino', 1, 0, 0, 'plague', 'Hare_Segz'),
       (3, 'Japo', 1, 0, 0, 'protect', 'Matteo'),
       (3, 'Bubis', 1, 1, 0, 'vote', 'aiorT'),
       (3, 'Hare_Segz', 1, 1, 0, 'vote', 'Pippo_baudo'),
       (3, 'Matteo', 1, 1, 0, 'vote', 'Japo'),
       (3, 'Pippo_baudo', 1, 1, 0, 'vote', 'aiorT'),
       (3, 'Polterino', 1, 1, 0, 'vote', 'Japo'),
       (3, 'Japo', 1, 1, 0, 'vote', 'Matteo'),
       (3, 'Sofi', 1, 1, 0, 'vote', 'aiorT'),
       (3, 'aiorT', 1, 1, 0, 'vote', 'Hare_Segz'),
       (3, 'Bubis', 1, 1, 1, 'vote', 'Japo'),
       (3, 'Hare_Segz', 1, 1, 1, 'vote', 'aiorT'),
       (3, 'Matteo', 1, 1, 1, 'vote', 'Japo'),
       (3, 'Pippo_baudo', 1, 1, 1, 'vote', 'aiorT'),
       (3, 'Polterino', 1, 1, 1, 'vote', 'aiorT'),
       (3, 'Sofi', 1, 1, 1, 'vote', 'aiorT'),
       (3, 'Japo', 2, 0, 0, 'protect', 'Bubis'),
       (3, 'Polterino', 2, 0, 0, 'plague', 'Sofi'),
       (3, 'Bubis', 2, 0, 0, 'shot', 'Hare_Segz'),
       (3, 'Sofi', 2, 0, 0, 'maul', 'Matteo'),
       (3, 'Bubis', 2, 1, 0, 'vote', 'Sofi'),
       (3, 'Hare_Segz', 2, 1, 0, 'vote', 'Japo'),
       (3, 'Matteo', 2, 1, 0, 'vote', 'Polterino'),
       (3, 'Pippo_baudo', 2, 1, 0, 'vote', 'Polterino'),
       (3, 'Polterino', 2, 1, 0, 'vote', 'Sofi'),
       (3, 'Japo', 2, 1, 0, 'vote', 'Polterino'),
       (3, 'Sofi', 2, 1, 0, 'vote', 'Pippo_baudo'),
       (3, 'aiorT', 2, 1, 0, 'vote', 'Sofi'),
       (3, 'Bubis', 2, 1, 1, 'vote', 'Polterino'),
       (3, 'Pippo_baudo', 2, 1, 1, 'vote', 'Sofi'),
       (3, 'Japo', 2, 1, 1, 'vote', 'Polterino'),
       (3, 'Polterino', 2, 1, 2, 'plague', 'Sofi'),
       (4, 'Matteo', 1, 0, 0, 'point', 'Bubis'),
       (4, 'aiorT', 1, 0, 0, 'maul', 'Matteo'),
       (4, 'Bubis', 1, 1, 0, 'vote', 'Japo'),
       (4, 'Hare_Segz', 1, 1, 0, 'vote', 'Japo'),
       (4, 'Matteo', 1, 1, 0, 'vote', 'Hare_Segz'),
       (4, 'Pippo_baudo', 1, 1, 0, 'vote', 'aiorT'),
       (4, 'Japo', 1, 1, 0, 'vote', 'Pippo_baudo'),
       (4, 'Rickm', 1, 1, 0, 'vote', 'Bubis'),
       (4, 'Sofi', 1, 1, 0, 'vote', 'Bubis'),
       (4, 'aiorT', 1, 1, 0, 'vote', 'Pippo_baudo'),
       (4, 'Hare_Segz', 1, 1, 1, 'vote', 'Bubis'),
       (4, 'Rickm', 1, 1, 1, 'vote', 'Japo'),
       (4, 'Sofi', 1, 1, 1, 'vote', 'Japo'),
       (4, 'aiorT', 1, 1, 1, 'vote', 'Japo');