INSERT INTO Player (username, email, password, registration_date)
VALUES ('DemoMaster', LOWER('dm@mail.com'), md5('Demo123!'), CURRENT_DATE),
       ('Nicola', LOWER('n@mail.com'), md5('Demo123!'), CURRENT_DATE),
       ('Nick', LOWER('nick@mail.com'), md5('Demo123!'), CURRENT_DATE),
       ('Japo', LOWER('japo@mail.com'), md5('Demo123!'), CURRENT_DATE),
       ('Japopo', LOWER('japopo@mail.com'), md5('Demo123!'), CURRENT_DATE),
       ('Michele', LOWER('michele@mail.com'), md5('Demo123!'), CURRENT_DATE),
       ('Riccardo', LOWER('riccardo@mail.com'), md5('Demo123!'), CURRENT_DATE),
       ('demo1', LOWER('demo1@mail.com'), md5('Demo123!'), CURRENT_DATE),
       ('demo2', LOWER('demo2@mail.com'), md5('Demo123!'), CURRENT_DATE);


INSERT INTO is_friend_with (player_username, friend_username, date)
VALUES ('DemoMaster', 'Nick', '2024-06-10'),
       ('DemoMaster', 'demo1', '2024-06-10'),
       ('DemoMaster', 'demo2', '2024-06-10'),
       ('DemoMaster', 'Riccardo', '2024-06-10'),
       ('DemoMaster', 'Michele', '2024-06-10'),
       ('DemoMaster', 'Japopo', '2024-06-10');


INSERT INTO game (id, public_id, start, game_duration, who_wins, rounds, phase, subphase)
VALUES (1, 'jester-puppy-explorer', '2024-06-10 11:27:38', '00:01:13', 1, 3, 1, 0),
       (2, 'hamster-kamikaze-knight', '2024-06-10 11:32:01', '00:00:13', 0, 1, 1, 0),
       (3, 'medium-kamikaze-illusionist', '2024-06-10 11:35:23', '00:00:30', 1, 2, 1, 0),
       (4, 'carpenter-jester-explorer', '2024-06-10 11:36:35', '00:00:27', 0, 1, 1, 0),
       (5, 'carpenter-kamikaze-jester', '2024-06-10 11:41:52', '00:00:04', 0, 1, 1, 0),
       (6, 'berserker-farmer-wolf', '2024-06-10 11:44:07', '00:00:25', 1, 1, 1, 0);

INSERT INTO plays_as_in (player_username, game_id, role, order_in_game, round_of_death, phase_of_death, duration_of_life)
VALUES ('DemoMaster', 1, 'master', 0, null, null, null),
       ('demo1', 1, 'wolf', 1, null, null, null),
       ('demo2', 1, 'seer', 2, null, null, null),
       ('Japopo', 1, 'farmer', 6, 1, 0, '00:00:29'),
       ('Japo', 1, 'explorer', 8, 1, 1, '00:00:36'),
       ('Michele', 1, 'medium', 5, 2, 0, '00:00:39'),
       ('Riccardo', 1, 'farmer', 4, 2, 1, '00:00:52'),
       ('Nick', 1, 'farmer', 7, 3, 0, '00:00:55'),
       ('Nicola', 1, 'jester', 3, 3, 1, '00:01:13'),
       ('DemoMaster', 2, 'master', 0, null, null, null),
       ('Riccardo', 2, 'farmer', 2, null, null, null),
       ('Japopo', 2, 'farmer', 3, null, null, null),
       ('demo1', 2, 'farmer', 5, null, null, null),
       ('Japo', 2, 'farmer', 4, 1, 0, '00:00:02'),
       ('Nick', 2, 'wolf', 1, 1, 1, '00:00:13'),
       ('Nick', 3, 'master', 0, null, null, null),
       ('demo2', 3, 'carpenter', 3, null, null, null),
       ('Nicola', 3, 'puppy', 5, null, null, null),
       ('DemoMaster', 3, 'kamikaze', 1, 1, 0, '00:00:08'),
       ('Michele', 3, 'wolf', 6, 1, 0, '00:00:08'),
       ('demo1', 3, 'medium', 2, 1, 1, '00:00:26'),
       ('Riccardo', 3, 'seer', 4, 2, 0, '00:00:30'),
       ('Nick', 4, 'master', 0, null, null, null),
       ('DemoMaster', 4, 'hobbit', 1, null, null, null),
       ('Riccardo', 4, 'sheriff', 4, null, null, null),
       ('Michele', 4, 'knight', 5, null, null, null),
       ('Japopo', 4, 'wolf', 2, 1, 0, '00:00:13'),
       ('Japo', 4, 'wolf', 3, 1, 1, '00:00:27'),
       ('Nick', 5, 'master', 0, null, null, null),
       ('Nicola', 5, 'hobbit', 2, null, null, null),
       ('Japo', 5, 'farmer', 3, null, null, null),
       ('demo2', 5, 'jester', 5, null, null, null),
       ('DemoMaster', 5, 'kamikaze', 1, 1, 0, '00:00:04'),
       ('demo1', 5, 'wolf', 4, 1, 0, '00:00:04'),
       ('Japo', 6, 'master', 0, null, null, null),
       ('Riccardo', 6, 'explorer', 4, null, null, null),
       ('demo1', 6, 'sheriff', 5, null, null, null),
       ('Nick', 6, 'knight', 2, 1, 0, '00:00:25'),
       ('Japopo', 6, 'sam', 3, 1, 0, '00:00:25'),
       ('DemoMaster', 6, 'berserker', 1, 1, 0, '00:00:25');



INSERT INTO action (game_id, player_username, round, phase, subphase, type_of_action, target)
VALUES (1, 'demo2', 1, 0, 0, 'investigate', 'Japo'),
       (1, 'demo1', 1, 0, 0, 'maul', 'Japopo'),
       (1, 'Japo', 1, 1, 0, 'vote', 'Michele'),
       (1, 'Japopo', 1, 1, 0, 'vote', 'Japo'),
       (1, 'Michele', 1, 1, 0, 'vote', 'Japo'),
       (1, 'Nick', 1, 1, 0, 'vote', 'Japo'),
       (1, 'Nicola', 1, 1, 0, 'vote', 'Japo'),
       (1, 'Riccardo', 1, 1, 0, 'vote', 'Michele'),
       (1, 'demo1', 1, 1, 0, 'vote', 'Michele'),
       (1, 'demo2', 1, 1, 0, 'vote', 'Japo'),
       (1, 'Nick', 1, 1, 1, 'vote', 'Japo'),
       (1, 'Nicola', 1, 1, 1, 'vote', 'Japo'),
       (1, 'Riccardo', 1, 1, 1, 'vote', 'Japo'),
       (1, 'demo1', 1, 1, 1, 'vote', 'Michele'),
       (1, 'demo2', 1, 1, 1, 'vote', 'Japo'),
       (1, 'demo1', 2, 0, 0, 'maul', 'Michele'),
       (1, 'demo2', 2, 0, 0, 'investigate', 'Michele'),
       (1, 'Japo', 2, 1, 0, 'vote', 'Nick'),
       (1, 'Japopo', 2, 1, 0, 'vote', 'Nick'),
       (1, 'Michele', 2, 1, 0, 'vote', 'Nick'),
       (1, 'Nick', 2, 1, 0, 'vote', 'Riccardo'),
       (1, 'Nicola', 2, 1, 0, 'vote', 'Nick'),
       (1, 'Riccardo', 2, 1, 0, 'vote', 'Nick'),
       (1, 'demo1', 2, 1, 0, 'vote', 'Nicola'),
       (1, 'demo2', 2, 1, 0, 'vote', 'Nick'),
       (1, 'demo1', 2, 1, 1, 'vote', 'Riccardo'),
       (1, 'demo2', 2, 1, 1, 'vote', 'Riccardo'),
       (1, 'demo1', 3, 0, 0, 'maul', 'Nick'),
       (1, 'demo2', 3, 0, 0, 'investigate', 'Nick'),
       (1, 'Japo', 3, 1, 0, 'vote', 'Nicola'),
       (1, 'Japopo', 3, 1, 0, 'vote', 'Nicola'),
       (1, 'Michele', 3, 1, 0, 'vote', 'Nicola'),
       (1, 'Nick', 3, 1, 0, 'vote', 'Nicola'),
       (1, 'Nicola', 3, 1, 0, 'vote', 'demo2'),
       (1, 'Riccardo', 3, 1, 0, 'vote', 'Nicola'),
       (1, 'demo1', 3, 1, 0, 'vote', 'Nicola'),
       (1, 'demo2', 3, 1, 0, 'vote', 'Nicola'),
       (1, 'demo1', 3, 1, 1, 'vote', 'Nicola'),
       (2, 'Nick', 1, 0, 0, 'maul', 'Japo'),
       (2, 'Japo', 1, 1, 0, 'vote', 'Nick'),
       (2, 'Japopo', 1, 1, 0, 'vote', 'Nick'),
       (2, 'Nick', 1, 1, 0, 'vote', 'Japopo'),
       (2, 'Riccardo', 1, 1, 0, 'vote', 'Nick'),
       (2, 'demo1', 1, 1, 0, 'vote', 'Nick'),
       (2, 'Riccardo', 1, 1, 1, 'vote', 'Nick'),
       (2, 'demo1', 1, 1, 1, 'vote', 'Nick'),
       (3, 'Michele', 1, 0, 0, 'maul', 'DemoMaster'),
       (3, 'DemoMaster', 1, 0, 0, 'blowup', 'Michele'),
       (3, 'Riccardo', 1, 0, 0, 'investigate', 'Michele'),
       (3, 'DemoMaster', 1, 1, 0, 'vote', 'Nicola'),
       (3, 'Michele', 1, 1, 0, 'vote', 'demo1'),
       (3, 'Nicola', 1, 1, 0, 'vote', 'demo1'),
       (3, 'Riccardo', 1, 1, 0, 'vote', 'demo1'),
       (3, 'demo1', 1, 1, 0, 'vote', 'Nicola'),
       (3, 'demo2', 1, 1, 0, 'vote', 'demo1'),
       (3, 'Riccardo', 1, 1, 1, 'vote', 'demo1'),
       (3, 'demo2', 1, 1, 1, 'vote', 'demo1'),
       (3, 'Nicola', 2, 0, 0, 'maul', 'Riccardo'),
       (3, 'Riccardo', 2, 0, 0, 'investigate', 'Nicola'),
       (4, 'Michele', 1, 0, 0, 'protect', 'Japo'),
       (4, 'Riccardo', 1, 0, 0, 'shot', 'Japopo'),
       (4, 'DemoMaster', 1, 1, 0, 'vote', 'Japo'),
       (4, 'Japo', 1, 1, 0, 'vote', 'DemoMaster'),
       (4, 'Japopo', 1, 1, 0, 'vote', 'Japo'),
       (4, 'Michele', 1, 1, 0, 'vote', 'Japo'),
       (4, 'Riccardo', 1, 1, 0, 'vote', 'Japo'),
       (4, 'Michele', 1, 1, 1, 'vote', 'Japo'),
       (4, 'Riccardo', 1, 1, 1, 'vote', 'Japo'),
       (5, 'demo1', 1, 0, 0, 'maul', 'DemoMaster'),
       (5, 'DemoMaster', 1, 0, 0, 'blowup', 'demo1'),
       (6, 'Nick', 1, 0, 0, 'protect', 'DemoMaster'),
       (6, 'DemoMaster', 1, 0, 0, 'rage', 'Nick'),
       (6, 'DemoMaster', 1, 0, 0, 'rage', 'Japopo');
